time,V1
5674,0.011541
5677,0.174455
5748,0.448152
5471,0.985647
5778,0.647812
5789,0.371894
